"name","cluster"
"tRF-16-08P2F5D","1"
"tRF-16-08Q2B5D","2"
"tRF-16-3JWB61B","3"
"tRF-16-3KMB01B","2"
"tRF-16-3KXR3RB","2"
"tRF-16-3VLIE1B","4"
"tRF-16-3VWIQ1B","4"
"tRF-16-489B3RB","2"
"tRF-16-884U1DD","4"
"tRF-16-8871K9D","4"
"tRF-16-8R6546D","4"
"tRF-16-9EDJSYB","4"
"tRF-16-9N1EWJ0","4"
"tRF-16-BS68BFD","2"
"tRF-16-HR0VX6D","2"
"tRF-16-HSRVK7D","2"
"tRF-16-I3FJQSD","2"
"tRF-16-I7L7P50","2"
"tRF-16-INVDRID","2"
"tRF-16-JMRPFQD","2"
"tRF-16-K8KDP1B","2"
"tRF-16-K8QJP1B","2"
"tRF-16-KQ3SW1B","4"
"tRF-16-MBQ4NKD","2"
"tRF-16-RLXN48E","4"
"tRF-16-RX6NMHD","4"
"tRF-16-S3M830E","2"
"tRF-16-W3FJIKB","4"
"tRF-16-Y9PYKHD","4"
"tRF-16-ZDL9X1B","2"
"tRF-17-07QSNHJ","4"
"tRF-17-08P2F52","2"
"tRF-17-08Q2B52","2"
"tRF-17-4RRWRBJ","4"
"tRF-17-73V2Y8K","4"
"tRF-17-7P596V5","4"
"tRF-17-863IP52","2"
"tRF-17-8689SV2","4"
"tRF-17-86V8WPK","5"
"tRF-17-884U1D2","4"
"tRF-17-8871K92","2"
"tRF-17-8R6546J","4"
"tRF-17-8R6Q46J","2"
"tRF-17-8S68L52","2"
"tRF-17-8SPOL52","4"
"tRF-17-8SQ2SV2","4"
"tRF-17-8Y3DUV2","4"
"tRF-17-8Y3HSV2","4"
"tRF-17-9N1EWJM","4"
"tRF-17-BS68BFJ","2"
"tRF-17-D9W1X6K","2"
"tRF-17-DWY2MJ5","4"
"tRF-17-HR0VX6J","2"
"tRF-17-HSQSD2J","4"
"tRF-17-I2UKM7L","4"
"tRF-17-K8Q2B52","2"
"tRF-17-KS8WP92","4"
"tRF-17-KSP1852","2"
"tRF-17-KSPM852","2"
"tRF-17-KY4VXV2","4"
"tRF-17-NU3IND2","4"
"tRF-17-RPFQRD5","2"
"tRF-17-RX6NMH3","4"
"tRF-17-RXSINHQ","6"
"tRF-17-S8V0J6L","4"
"tRF-17-S8V0J8L","2"
"tRF-17-W3FJIK1","2"
"tRF-17-WS72092","2"
"tRF-17-YRRHQFJ","1"
"tRF-17-YSQSD2J","4"
"tRF-18-07QSNHD2","2"
"tRF-18-09Z51UD2","4"
"tRF-18-0RSSX7D2","2"
"tRF-18-18YKISD8","2"
"tRF-18-1KVUY9DZ","4"
"tRF-18-1SS2P4DX","4"
"tRF-18-1SS2PMX","2"
"tRF-18-490VL8DJ","4"
"tRF-18-4RRWRBD2","4"
"tRF-18-5BF900R","4"
"tRF-18-89Q867D2","3"
"tRF-18-8B8SOUDV","5"
"tRF-18-8R1546D2","6"
"tRF-18-8R6546D2","2"
"tRF-18-8R6Q46D2","2"
"tRF-18-8S68BFD2","4"
"tRF-18-BM32LJDJ","5"
"tRF-18-BS68BFD2","2"
"tRF-18-BS6PDFD2","1"
"tRF-18-BZOS4YV","4"
"tRF-18-DRJRWMDV","5"
"tRF-18-ERM492V","4"
"tRF-18-EY0VWUD2","4"
"tRF-18-H7PU4HD2","2"
"tRF-18-H9R8B7D2","2"
"tRF-18-HR0P1SD2","4"
"tRF-18-HR0VX6D2","2"
"tRF-18-HRF8X7D2","4"
"tRF-18-HRH7MSD2","4"
"tRF-18-HSQSD2D2","4"
"tRF-18-HSRVK7D2","2"
"tRF-18-INVDRID1","4"
"tRF-18-MBQ4NKDJ","2"
"tRF-18-OB1690DV","2"
"tRF-18-R29P4P04","4"
"tRF-18-RX6NMHD5","2"
"tRF-18-S79PVOW","4"
"tRF-18-S7PVRSD2","4"
"tRF-18-S8V0J8DR","2"
"tRF-18-SR681SD2","4"
"tRF-18-W3FJIKW","4"
"tRF-18-WB0Q37DW","5"
"tRF-18-XRPM46D2","2"
"tRF-18-YPSV17DJ","2"
"tRF-18-YR66EFD2","4"
"tRF-18-YRRHQFD2","2"
"tRF-18-YSQSD2D2","4"
"tRF-19-18YKISIM","4"
"tRF-19-1SS2P4IR","2"
"tRF-19-1SS2PMER","2"
"tRF-19-5BF9000W","2"
"tRF-19-70VR31KD","2"
"tRF-19-8B8SOUIJ","5"
"tRF-19-9N1EWJI5","2"
"tRF-19-B1RHODE2","2"
"tRF-19-BE7XO8I5","2"
"tRF-19-BZOS4YE2","4"
"tRF-19-DRJRWMI2","1"
"tRF-19-ERM492E2","4"
"tRF-19-HRMF3RE2","3"
"tRF-19-INVDRIFU","2"
"tRF-19-JMRPFQFX","4"
"tRF-19-JMRPFQIX","4"
"tRF-19-NB8PLM1S","4"
"tRF-19-Q72S3HIJ","4"
"tRF-19-S8V0J8HW","4"
"tRF-19-UIX1Q7HV","6"
"tRF-19-V47P59I8","4"
"tRF-19-W3FJIKE5","2"
"tRF-19-WB0Q37IO","5"
"tRF-19-WB8647HU","5"
"tRF-19-WB86892K","5"
"tRF-19-WB8US5IU","5"
"tRF-19-XEKJ5RHZ","2"
"tRF-20-1SS2P46I","4"
"tRF-20-40KK5Y93","4"
"tRF-20-5BF900BY","2"
"tRF-20-6XQ6S8V0","2"
"tRF-20-73V2Y8L9","4"
"tRF-20-8B8SOUPR","5"
"tRF-20-H1NRM5U6","4"
"tRF-20-JMRPFQJD","4"
"tRF-20-JMRPFQRD","2"
"tRF-20-NB8PLML3","2"
"tRF-20-OB9ZFH69","2"
"tRF-20-RX6NMH49","4"
"tRF-20-S8V0J8O9","4"
"tRF-20-UIX1Q7O6","4"
"tRF-20-VBY9PYKH","2"
"tRF-20-WB0Q37Q5","5"
"tRF-20-WB8689SV","5"
"tRF-20-WB8US565","5"
"tRF-20-XEKJ5R5N","2"
"tRF-21-18YKISQID","4"
"tRF-21-1E6S18WO0","4"
"tRF-21-1SS2P46ID","2"
"tRF-21-5BF900BYD","4"
"tRF-21-JHOJ7IR1D","4"
"tRF-21-JOWU1M70E","4"
"tRF-21-NB8PLML3E","2"
"tRF-21-RPM830MME","2"
"tRF-21-V47PU9XWE","2"
"tRF-21-VBY9PYKHD","2"
"tRF-21-WB0Q37Q5D","2"
"tRF-21-WB8647O5D","5"
"tRF-21-WB8689SVD","2"
"tRF-21-WB86N7O5D","5"
"tRF-21-WB8US565D","5"
"tRF-21-WD8YQ84VD","5"
"tRF-21-WUH6QE30E","2"
"tRF-21-XOUZDZN1B","4"
"tRF-21-YDZDL9X1B","4"
"tRF-21-YOHR6HFRD","5"
"tRF-22-1EWJQ72SJ","4"
"tRF-22-5BF900BY3","2"
"tRF-22-8B8SOUPR2","2"
"tRF-22-8EKSP1852","2"
"tRF-22-EXEY0VWUJ","4"
"tRF-22-JMRPFQRD5","4"
"tRF-22-NMEH623KN","2"
"tRF-22-NRDF7UK8N","4"
"tRF-22-NYDRFU8UN","2"
"tRF-22-S2I7L7P5M","4"
"tRF-22-V47PU9XWP","3"
"tRF-22-W0K672052","2"
"tRF-22-WB08Q2B52","2"
"tRF-22-WB0Q37Q52","1"
"tRF-22-WB863IP52","2"
"tRF-22-WB8647O52","2"
"tRF-22-WB8689SV2","2"
"tRF-22-WB86N7O52","2"
"tRF-22-WB86Q3P92","1"
"tRF-22-WB8US5652","1"
"tRF-22-WD8S746D2","2"
"tRF-22-WD8YQ84V2","2"
"tRF-22-WE8RO86J2","2"
"tRF-22-WE8S68L52","2"
"tRF-22-WE8SPOL52","2"
"tRF-22-WE8SPOX52","2"
"tRF-22-WEKSPM852","2"
"tRF-22-WLBSDEL8N","4"
"tRF-22-ZKXU53K8N","2"
"tRF-23-392J1Y0SDZ","2"
"tRF-23-3JVIJMRP9","2"
"tRF-23-3W2VR008DZ","2"
"tRF-23-79MP9P9MDD","2"
"tRF-23-79MP9PMNDD","6"
"tRF-23-7OFIZ9WUD2","2"
"tRF-23-9LON4VN18","4"
"tRF-23-BZBZOS4YV","4"
"tRF-23-EXEY0VWUD2","2"
"tRF-23-NYDRFU8U0E","2"
"tRF-23-RXPIN24Y7","2"
"tRF-23-Z87HFK8SDZ","4"
"tRF-24-3JVIJMRPEU","4"
"tRF-24-7SIR3DR2I2","6"
"tRF-24-9LON4VN1EM","2"
"tRF-24-9MVKS4I71Z","4"
"tRF-24-BZBZOS4YE2","4"
"tRF-24-WJQ72S3HIJ","4"
"tRF-24-XSXMSL732Z","1"
"tRF-24-YKISQI451V","4"
"tRF-25-2IUIX1Q7O6","2"
"tRF-25-32VIJMRPFQ","4"
"tRF-25-43RX6NMH49","6"
"tRF-25-5BF900BY4D","4"
"tRF-25-7P596VW631","2"
"tRF-25-9LON4VN1EH","4"
"tRF-25-I3VF4YO9XE","2"
"tRF-25-MEF91SS2PM","4"
"tRF-25-VIJMRPFQRD","4"
"tRF-25-Y8L981PV6R","4"
"tRF-26-5BF900BY4DE","2"
"tRF-26-739P8WQ0D5D","2"
"tRF-26-86J8WPMN1EE","2"
"tRF-26-8DYDZDL9X1B","2"
"tRF-26-9DWUH6QE30E","4"
"tRF-26-ISQI45LSM1D","2"
"tRF-26-R3WE8RO86JD","2"
"tRF-26-RNLNK88KO1B","4"
"tRF-26-RPM830MMUKD","4"
"tRF-26-RX6NMH490VD","2"
"tRF-26-S2I7L7P5QKB","4"
"tRF-26-SP58309MUKD","4"
"tRF-26-W3FJIKE7UMD","4"
"tRF-27-596VW631QJJ","2"
"tRF-27-5BF900BY4D5","2"
"tRF-27-739P8WQ0D52","2"
"tRF-27-9N1EWJQ72SJ","2"
"tRF-27-MIF91SS2P44","2"
"tRF-27-N24YDRFU8UN","4"
"tRF-27-QP4PW3FJIK1","4"
"tRF-27-R3WE8RO86J2","4"
"tRF-27-W3FJIKE7UMJ","2"
"tRF-27-YONONU3IND2","4"
"tRF-27-Z3M8ZLSSXUL","4"
"tRF-28-3JVIJMRPFQDY","2"
"tRF-28-3L7L73J6M9DV","4"
"tRF-28-6NMH490VL8DJ","2"
"tRF-28-6XQ6S8V0J8DR","2"
"tRF-28-73V2Y8L981DV","2"
"tRF-28-86J8WPMN1E0J","2"
"tRF-28-86V8WPMN1E0J","2"
"tRF-28-I3VF4YO9XED2","4"
"tRF-28-KF9MVH7P59DP","4"
"tRF-28-M8ZLSSXUOLD2","4"
"tRF-28-MIF91SS2P4DX","2"
"tRF-28-PS5P4PW3FJDD","4"
"tRF-28-PSQP4PW3FJD0","4"
"tRF-28-QP4PW3FJIKW","4"
"tRF-28-S8V0J8O9YEDJ","2"
"tRF-28-Z3M8ZLSSXUD6","4"
"tRF-28-Z6EXEY0VWUD2","2"
"tRF-29-18YKISQI451V","2"
"tRF-29-1EWJQ72S3HIJ","2"
"tRF-29-34HWH3RXSIHM","2"
"tRF-29-3JVIJMRPFQIX","4"
"tRF-29-6XQ6S8V0J8HW","4"
"tRF-29-86J8WPMN1EJ3","2"
"tRF-29-D0B601WZ03HV","4"
"tRF-29-JL1Y2LNOZ7I2","4"
"tRF-29-MEF91SS2PMER","2"
"tRF-29-MIF91SS2P4IR","2"
"tRF-29-PSQP4PW3FJF4","4"
"tRF-29-Q1Q89P9L84FS","1"
"tRF-29-W47W1R7HFEE2","2"
"tRF-29-Y8L981PV6RIZ","4"
"tRF-29-Z3M8ZLSSXUH7","4"
"tRF-30-32VIJMRPFQJD","4"
"tRF-30-34HWH3RXSINH","2"
"tRF-30-3JVIJMRPFQRD","2"
"tRF-30-5Z2IUIX1Q7O6","2"
"tRF-30-86J8WPMN1E8Y","2"
"tRF-30-86V8WPMN1E8Y","2"
"tRF-30-D0B601WZ03O6","4"
"tRF-30-FN8DYDZDL9X1","2"
"tRF-30-INVDRI2Q2RJO","4"
"tRF-30-JMRPFQRDWXHR","2"
"tRF-30-MIF91SS2P46I","4"
"tRF-30-MIF91SS2P4FI","4"
"tRF-30-P4R8YP9LON4V","2"
"tRF-30-PSQP4PW3FJIK","2"
"tRF-30-PW5SVP9N15WV","2"
"tRF-30-RK9P4P9L5HMV","2"
"tRF-30-V47P596VW631","2"
"tRF-30-Z3M8ZLSSXUOL","4"
"tRF-31-389MV47P596VE","4"
"tRF-31-3JVIJMRPFQRDE","2"
"tRF-31-4PU3XOUZDZN1B","2"
"tRF-31-87R8WP9N1EWJ0","2"
"tRF-31-FN8DYDZDL9X1B","2"
"tRF-31-FP18LPMBQ4NKD","2"
"tRF-31-MIF91SS2P46ID","4"
"tRF-31-MUWLV47PU9XWE","6"
"tRF-31-P4R8YP9LON4VD","2"
"tRF-31-PW5SVP9N15WV0","4"
"tRF-31-R9JP9P9NH5SYD","2"
"tRF-31-S2I7L7P5QK11D","2"
"tRF-32-34HWH3RXSINHQ","4"
"tRF-32-36S0ZFHIUNWV2","4"
"tRF-32-389MV47P596V5","4"
"tRF-32-3JVIJMRPFQ5D5","4"
"tRF-32-3JVIJMRPFQRD5","4"
"tRF-32-5BF900BY4D84J","6"
"tRF-32-69M8LO9EFVI81","1"
"tRF-32-6SXMSL73VL4YK","2"
"tRF-32-79MP9P9MH57SJ","2"
"tRF-32-7P596VW631QJJ","2"
"tRF-32-86J8WPMN1E8YN","2"
"tRF-32-87R8WP9N1EWJM","2"
"tRF-32-897PVP941QKSJ","4"
"tRF-32-9M739P8WQ0D52","4"
"tRF-32-FP18LPMBQ4NKJ","2"
"tRF-32-M2OSRNLNKSEKL","4"
"tRF-32-MIF91SS2P46I3","4"
"tRF-32-MIF91SS2P4FI3","4"
"tRF-32-P4R8YP9LON4V3","2"
"tRF-32-PS5P4PW3FJHP1","2"
"tRF-32-PSQP4PW3FJI01","2"
"tRF-32-PSQP4PW3FJIK1","2"
"tRF-32-PW5SVP9N15WVN","2"
"tRF-32-Y2MJ8F81KLB52","4"
"tRF-32-Z3M8ZLSSXUOLJ","4"
"tRF-33-10I9BZBZOS4YV","2"
"tRF-33-389MV47P596V03","4"
"tRF-33-62Z6EXEY0VWUD2","4"
"tRF-33-6SXMSL73VL4YDN","2"
"tRF-33-79MP9P9MH57SD3","2"
"tRF-33-79MP9PMNH5ISD3","2"
"tRF-33-86J8WPMN1E8Y0E","2"
"tRF-33-86V8WPMN1E8Y0E","2"
"tRF-33-87R8WP9N1EWJDW","2"
"tRF-33-9LON4VN1EH6KDJ","2"
"tRF-33-FP18LPMBQ4NKDJ","2"
"tRF-33-I8W47W1R7HFEV","4"
"tRF-33-P4R8YP9LON4VDP","2"
"tRF-33-PS5P4PW3FJHPW","2"
"tRF-33-PSQP4PW3FJI0W","2"
"tRF-33-PSQP4PW3FJIKW","2"
"tRF-33-PW5SVP9N15WV0E","2"
"tRF-33-Q99P9P9NH57SD3","2"
"tRF-33-QKF1R3WE8RO8DX","4"
"tRF-33-RX6NMH490VL8DJ","2"
"tRF-33-Z3M8ZLSSXUOLD2","2"
"tRF-34-10I9BZBZOS4YE2","2"
"tRF-34-6SXMSL73VL4YHE","2"
"tRF-34-79MP9PMNH5IS15","2"
"tRF-34-87R8WP9N1EWJI5","2"
"tRF-34-9N1EWJQ72S3HIJ","2"
"tRF-34-I8W47W1R7HFEE2","2"
"tRF-34-L85DMKYUYRLHIX","4"
"tRF-34-P4R8YP9LON4VHM","4"
"tRF-34-PSQP4PW3FJI0E5","2"
"tRF-34-PSQP4PW3FJIKE5","2"
"tRF-34-PW5SVP9N15WV2P","4"
"tRF-34-Q1Q89P9L8422KJ","4"
"tRF-34-Q99P9P9NH57S15","4"
"tRF-34-R9J89O9NF5W8E5","4"
"tRF-34-R9JP9P9NH5SYHQ","2"
"tRF-34-S2I7L7P5QK111Y","4"
"tRF-34-XSXMSL73VL4YHE","6"
"tRF-35-6SXMSL73VL4YMY","4"
"tRF-35-73V2Y8L981PV6R","2"
"tRF-35-79MP9PMNH5IS36","3"
"tRF-35-87R8WP9N1EWJQ7","2"
"tRF-35-FSXMSL73VL4YMY","1"
"tRF-35-JYSWRYVMMV5BU6","4"
"tRF-35-P4R8YP9LON4VN1","4"
"tRF-35-PSQP4PW3FJI0E7","6"
"tRF-35-PSQP4PW3FJIKE7","2"
"tRF-35-PW5SVP9N15WV7W","2"
"tRF-35-Q1Q89P9L8422YR","2"
"tRF-35-S2I7L7P5QK11M3","4"
"tRF-35-SP5830MMUKLYM9","2"
"tRF-35-XSXMSL73VL4YMY","4"
"tRF-36-18YKISQI45LSM1D","2"
"tRF-36-6SXMSL73VL4YMYE","2"
"tRF-36-86J8WPMN1E8Y7ZD","2"
"tRF-36-86V8WPMN1E8Y7ZD","2"
"tRF-36-87R8WP9I1EWJQZD","4"
"tRF-36-87R8WP9N1EWJQ7D","2"
"tRF-36-897PVP941QKS3WD","2"
"tRF-36-897PVP9N1QKS3WD","6"
"tRF-36-D4ZWRNU3KQ9MV1B","2"
"tRF-36-IMLWRNLDK58YS1B","4"
"tRF-36-M2OSRNLNKSEK51B","2"
"tRF-36-PSQP4PW3FJIKE7E","4"
"tRF-36-R9JP9P9NH5SYNXD","6"
"tRF-36-RXPIN24YDRFU8U0","4"
"tRF-36-S2I7L7K5QKF1M3E","4"
"tRF-36-S2I7L7P5QK11M3E","2"
"tRF-36-V29K9UV36562IZ0","4"
"tRF-37-87R8WP9N1EWJQ72","4"
"tRF-37-9LON4VN1EH6KK8N","2"
"tRF-37-EH623K7SIR3DR2M","6"
"tRF-37-HQ9M739P8WQ0D52","4"
"tRF-37-QKF1R38E8RO86J2","4"
"tRF-37-QKF1R3WE8RO86J2","2"
"tRF-37-RPD9W1X6L85J3KQ","4"
"tRF-37-S2I7L7P5QK11M3Q","4"
"tRF-37-U0IO5BKD09Z51UJ","4"
"tRF-37-V47P596VW631QJJ","2"
"tRF-38-0668K87SERM492V","4"
"tRF-38-0VL8K87SIRMM12V","7"
"tRF-38-43RX6NMH490VL8DJ","2"
"tRF-38-9LON4VN1EH6KK80E","4"
"tRF-38-EH623K76IR3DR2DV","6"
"tRF-38-EH623K7SIR3DR2DV","6"
"tRF-38-L85DMKYUYRLHR0D2","4"
"tRF-38-PNR8YP9LON4VN18","2"
"tRF-38-RXPIN24YDRFU8U0E","4"
"tRF-38-U0IO5BKD09Z51UD2","4"
"tRF-38-V6Z3M8ZLSSXUOLD2","4"
"tRF-39-0668K87SERM492E2","6"
"tRF-39-0VL8K87SIRMM12E2","4"
"tRF-39-87R8WP9N1EWJQ7FV","4"
"tRF-39-EFOK8YR951K36DFV","4"
"tRF-39-EH623K76IR3DR2I2","4"
"tRF-39-EH623K7SIR3DR2I2","2"
"tRF-39-EH6KK87SIRM1DVE2","6"
"tRF-39-HMI8W47W1R7HFEE2","4"
"tRF-39-I7XUK87SIRMJ6VE2","6"
"tRF-39-PSQP4PW3FJIKE727","1"
"tRF-39-WP9N1EWJQ72S3HIJ","2"
"tRF-40-18YKISQI45LSM1M3","2"
"tRF-40-2VR008R959KUMKF6","4"
"tRF-40-8HM2OSRNLNKSEK51","7"
"tRF-40-EFOK8YR951K36D26","6"
"tRF-40-XENDBP1IUUK7VZ0R","3"
"tRF-41-8HM2OSRN2NKSEK51B","6"
"tRF-41-8HM2OSRNLNKSEK51B","4"
"tRF-41-PSQP4PW3FJIKE7UMD","4"
"tRF-41-UMX0SW5NLM45EKP1B","6"
"tRF-41-XENDBP1IUUK7VZ0RB","2"
"tRF-41-YDLBRY73W0K5KKOVD","6"
"tRF-42-0HJBRR93W0K672052","6"
"tRF-42-87R8WP9N1EWJQ72SJ","2"
"tRF-42-HENBRRX3WB365K652","7"
"tRF-42-HENBRSX3W03628652","4"
"tRF-42-HENBRSX3WE3628652","7"
"tRF-42-PSQP4PW3FJIKE7UMJ","2"
"tRF-42-YDLBRY73W0K5KKOV2","7"
"tRF-42-YQHQ9M739P8WQ0D52","4"
"tRF-16-07QSNHD","7"
"tRF-16-0P5830E","1"
"tRF-16-0VL8K80","1"
"tRF-16-1EWJQ7D","6"
"tRF-16-1QKS3WD","7"
"tRF-16-1SS2PMB","8"
"tRF-16-245J7KE","3"
"tRF-16-3KJBP1B","7"
"tRF-16-3VL8W1B","4"
"tRF-16-4RRWRBD","4"
"tRF-16-4ZUPX1B","3"
"tRF-16-6NMH49B","1"
"tRF-16-73FJQ4D","4"
"tRF-16-79MP9PD","1"
"tRF-16-7P596VE","3"
"tRF-16-88481DD","6"
"tRF-16-8S68L5D","2"
"tRF-16-8S746DD","1"
"tRF-16-8SQ2SVD","4"
"tRF-16-8Y3DUVD","4"
"tRF-16-8Z1MQ8E","7"
"tRF-16-9L5HJVE","8"
"tRF-16-9L5HMVE","4"
"tRF-16-9NH5SYD","4"
"tRF-16-B4ZPEKD","5"
"tRF-16-DWY2MJE","8"
"tRF-16-H48V7KE","7"
"tRF-16-H9R8B7D","6"
"tRF-16-HKFZB1D","7"
"tRF-16-J3LPWRD","3"
"tRF-16-JIH6Z3D","3"
"tRF-16-K8M0W1B","7"
"tRF-16-L85J3KE","7"
"tRF-16-ML5F82D","8"
"tRF-16-NKMB01B","7"
"tRF-16-Q01LQKB","3"
"tRF-16-Q1Q89PE","7"
"tRF-16-R959KUD","8"
"tRF-16-RPM830D","2"
"tRF-16-RXSINHE","6"
"tRF-16-S4113KE","6"
"tRF-16-S8V0J80","1"
"tRF-16-UEDP5IE","7"
"tRF-16-V2QXBRD","3"
"tRF-16-W3FJHPB","4"
"tRF-16-WJQ72SD","7"
"tRF-16-XEKJ5R0","6"
"tRF-16-YKISQID","1"
"tRF-16-YPSV17D","3"
"tRF-16-YRI7XUD","2"
"tRF-16-YSQSD2D","6"
"tRF-17-08P2B52","6"
"tRF-17-09Z51UJ","6"
"tRF-17-0JVRI85","6"
"tRF-17-0P5830P","3"
"tRF-17-0VL8K8N","7"
"tRF-17-18V0LWM","8"
"tRF-17-1EWJQ72","2"
"tRF-17-1OHE103","8"
"tRF-17-1SS2P44","6"
"tRF-17-1SS2PMH","7"
"tRF-17-2QW18FK","7"
"tRF-17-2YU04DQ","4"
"tRF-17-37YF7D2","4"
"tRF-17-3JVIJM4","7"
"tRF-17-45LSM1K","6"
"tRF-17-4RRQRBJ","7"
"tRF-17-596VW6J","6"
"tRF-17-60MV9JJ","6"
"tRF-17-73FJQ43","6"
"tRF-17-7X9PN53","6"
"tRF-17-83ML5F5","4"
"tRF-17-86Z34J2","8"
"tRF-17-88481D2","4"
"tRF-17-8S746D2","7"
"tRF-17-96L85DK","6"
"tRF-17-9MH57SJ","7"
"tRF-17-9N15WVN","6"
"tRF-17-9NH5SY3","7"
"tRF-17-BE7XO8M","5"
"tRF-17-BM32LJJ","5"
"tRF-17-BZOS4Y1","4"
"tRF-17-D7M4615","5"
"tRF-17-D8V0L9M","6"
"tRF-17-DP5IUDJ","3"
"tRF-17-E8Q2B52","7"
"tRF-17-EH623KN","7"
"tRF-17-EH6KK8N","7"
"tRF-17-EY0VWUJ","4"
"tRF-17-H5KQBFJ","8"
"tRF-17-H7PU4HJ","4"
"tRF-17-H9R8B7J","6"
"tRF-17-HR0P1SJ","8"
"tRF-17-HRH7MSJ","4"
"tRF-17-HSRVK7J","6"
"tRF-17-I3FJQS3","1"
"tRF-17-I7L7P5M","6"
"tRF-17-INVDRI2","4"
"tRF-17-JIH6Z33","3"
"tRF-17-JMRPFQ2","4"
"tRF-17-KE6KM8N","4"
"tRF-17-MBQ4NKJ","7"
"tRF-17-ME6KM8N","6"
"tRF-17-MMUKLYK","4"
"tRF-17-MQ5JK8N","8"
"tRF-17-PSJ9852","7"
"tRF-17-Q72S3HM","7"
"tRF-17-R3IEWSN","4"
"tRF-17-S79PVO1","4"
"tRF-17-U45O6QP","1"
"tRF-17-V2QXBRJ","7"
"tRF-17-W3FJHP1","4"
"tRF-17-WJQ72SJ","4"
"tRF-17-XRPM46J","6"
"tRF-17-Y9PYKHK","6"
"tRF-17-YPSV17J","3"
"tRF-18-078SUXD2","3"
"tRF-18-0JVRI803","5"
"tRF-18-0P583004","7"
"tRF-18-0RSH66D2","7"
"tRF-18-184KISD8","8"
"tRF-18-18Y3E7D8","7"
"tRF-18-1EWJQ7D1","3"
"tRF-18-2OOIQOD5","3"
"tRF-18-2VR0PSDZ","7"
"tRF-18-31QJ3K05","1"
"tRF-18-4E6L1F0P","4"
"tRF-18-4RRQRBD2","7"
"tRF-18-5LDOV2DW","8"
"tRF-18-6NMH49V","7"
"tRF-18-6XQ6S80H","4"
"tRF-18-73J6M9DV","6"
"tRF-18-73V2Y8DM","4"
"tRF-18-7P596V03","1"
"tRF-18-821IQ405","7"
"tRF-18-83ML5F02","6"
"tRF-18-86J8WPD4","8"
"tRF-18-86KP6HD2","4"
"tRF-18-890Y5FD2","7"
"tRF-18-8FFDXXW","6"
"tRF-18-8O90Q4DZ","6"
"tRF-18-9N15WV0E","6"
"tRF-18-9N1EWJDW","4"
"tRF-18-B4ZPEKD5","4"
"tRF-18-B689XXD2","7"
"tRF-18-BE7XO8DW","8"
"tRF-18-BP4MJY0D","3"
"tRF-18-D9W1X6DM","4"
"tRF-18-DP5IUDDJ","7"
"tRF-18-E6199M0J","6"
"tRF-18-EFOK8YDZ","6"
"tRF-18-EHBK8RDZ","7"
"tRF-18-F9LKXN05","6"
"tRF-18-H5KQBFD2","4"
"tRF-18-H7S84HD2","8"
"tRF-18-HR07MSD2","2"
"tRF-18-HR0ZMSD2","5"
"tRF-18-HRF867D2","7"
"tRF-18-HRMF3RV","6"
"tRF-18-HRMFWRV","4"
"tRF-18-HSQS52D2","6"
"tRF-18-IRMM12V","7"
"tRF-18-J6K6UDV","8"
"tRF-18-JMRPFQDH","7"
"tRF-18-JMRPFQDY","6"
"tRF-18-JOWU1M00","7"
"tRF-18-KR6946D2","4"
"tRF-18-M91MP3D5","3"
"tRF-18-ML5F92D5","7"
"tRF-18-N1EH6KDJ","7"
"tRF-18-NB8PLMDL","1"
"tRF-18-NRDF7UDJ","4"
"tRF-18-NXJMFK05","8"
"tRF-18-OB9ZFHD9","8"
"tRF-18-ON4VN18","4"
"tRF-18-PSQP4P0K","7"
"tRF-18-Q1Q89P04","7"
"tRF-18-RPM830D4","4"
"tRF-18-RXSINH0P","7"
"tRF-18-S3M83004","7"
"tRF-18-S5S8R6D2","6"
"tRF-18-S8V0J6DR","3"
"tRF-18-SBKKRSDL","7"
"tRF-18-SR0P1SD2","4"
"tRF-18-UL6JYBDJ","3"
"tRF-18-W3FJHPW","5"
"tRF-18-WKXU53DJ","2"
"tRF-18-X3HRL70D","6"
"tRF-18-XEKJ5RDS","4"
"tRF-18-Y8L981DV","6"
"tRF-18-YRLHR0D2","1"
"tRF-18-Z3M8ZL0D","7"
"tRF-18-Z90668DJ","6"
"tRF-18-Z906R8DJ","7"
"tRF-18-ZKXU53DJ","4"
"tRF-19-0M0RHBFV","6"
"tRF-19-188MEN1V","7"
"tRF-19-18Y3E7IN","6"
"tRF-19-1EWJQ7FV","8"
"tRF-19-1PSJPMFD","1"
"tRF-19-27NXJ4E2","8"
"tRF-19-2EK8E01J","5"
"tRF-19-2OOIQOH2","3"
"tRF-19-392J1YEJ","4"
"tRF-19-3L7L731D","7"
"tRF-19-69M8LOJX","4"
"tRF-19-73V2Y81W","3"
"tRF-19-73VL4YHE","6"
"tRF-19-76RSJMJJ","3"
"tRF-19-7P596VJ5","6"
"tRF-19-7PVR31KD","7"
"tRF-19-7X9PN5HJ","6"
"tRF-19-88I26WIZ","7"
"tRF-19-8BWS72E3","5"
"tRF-19-9N15WV2P","7"
"tRF-19-B1KZI92V","7"
"tRF-19-BP4MJY23","3"
"tRF-19-D7M461J2","7"
"tRF-19-D7M4O1J2","7"
"tRF-19-DR2SN1E2","4"
"tRF-19-DRFU8U25","4"
"tRF-19-DWY2MJJ1","6"
"tRF-19-EDKZIX1J","7"
"tRF-19-EZ03J025","6"
"tRF-19-F3BLHKEW","8"
"tRF-19-F8DHXYIV","6"
"tRF-19-FEWS3VF8","4"
"tRF-19-H1NRM52V","6"
"tRF-19-HE10NOEJ","3"
"tRF-19-HRMFWRE2","6"
"tRF-19-HRRHODE2","7"
"tRF-19-I2UKJ6I3","6"
"tRF-19-IR3DR2I2","8"
"tRF-19-IR69OKE2","3"
"tRF-19-IRM1BVE2","7"
"tRF-19-ISQI451V","3"
"tRF-19-J6K6UDE2","4"
"tRF-19-KHM26RIZ","7"
"tRF-19-LNK8KEI1","5"
"tRF-19-M91MP3HJ","3"
"tRF-19-MEF91S2H","6"
"tRF-19-MIF91S2H","3"
"tRF-19-MLQHWUHJ","1"
"tRF-19-NMEH6214","6"
"tRF-19-OB9ZFHIW","4"
"tRF-19-OSM83OJX","6"
"tRF-19-PR183OJX","7"
"tRF-19-PS5P4PJ4","6"
"tRF-19-PSQP4PJ4","6"
"tRF-19-Q2FWQ8IJ","1"
"tRF-19-R29P4PJZ","2"
"tRF-19-RK9P4PJZ","6"
"tRF-19-RKIP4OF4","7"
"tRF-19-RX6NMHH3","6"
"tRF-19-S79PVOEO","6"
"tRF-19-UDJKSVHZ","7"
"tRF-19-UHK0SVIZ","7"
"tRF-19-UL6JYB1J","7"
"tRF-19-UMX0SWHZ","7"
"tRF-19-URYRSIE2","5"
"tRF-19-V29K9U2Y","8"
"tRF-19-V47PU9J8","6"
"tRF-19-V47PVR1M","7"
"tRF-19-VKS4I71Z","1"
"tRF-19-WB08Q20U","5"
"tRF-19-WE8SPOJU","5"
"tRF-19-YS56O2KL","7"
"tRF-19-Z3M8ZL2J","3"
"tRF-19-Z87HFKJJ","3"
"tRF-19-ZVELXK1J","8"
"tRF-20-0653L45S","8"
"tRF-20-0HLBRR33","7"
"tRF-20-0M0RHB26","4"
"tRF-20-18Y3E7QN","6"
"tRF-20-18YKISQI","4"
"tRF-20-1EWJQ72S","7"
"tRF-20-1SS2PMFI","3"
"tRF-20-2YU04DYJ","7"
"tRF-20-32VIJMRP","6"
"tRF-20-45LSM1M3","7"
"tRF-20-4E8BR9M3","6"
"tRF-20-596VW631","4"
"tRF-20-59KUMKF6","7"
"tRF-20-73V6M7QZ","6"
"tRF-20-73VL4YMY","7"
"tRF-20-7X9PN547","4"
"tRF-20-8OYDVNZD","7"
"tRF-20-94V4SMIF","7"
"tRF-20-9N1EWJQ7","7"
"tRF-20-B1KZI9U6","7"
"tRF-20-B4ZPEK45","5"
"tRF-20-BE7XO8Q6","8"
"tRF-20-BM32LJK6","7"
"tRF-20-D7OKW419","8"
"tRF-20-DOV2QXBR","3"
"tRF-20-DRFU8U76","8"
"tRF-20-DXEPZY0D","8"
"tRF-20-EDKZIXK6","1"
"tRF-20-F3BLHKFZ","6"
"tRF-20-F8DHXY6R","4"
"tRF-20-F900BY4D","8"
"tRF-20-H2SBUL6J","8"
"tRF-20-HDPORSM3","6"
"tRF-20-HE10NO0R","7"
"tRF-20-INVDRI2Q","8"
"tRF-20-JHOJ7IR1","7"
"tRF-20-L981PV6R","4"
"tRF-20-LEKQ3SW1","5"
"tRF-20-M91MP34R","3"
"tRF-20-MEF91SS2","7"
"tRF-20-MEJB5Y13","1"
"tRF-20-OMJHHS19","8"
"tRF-20-R29P4P9L","1"
"tRF-20-R9BM32LJ","5"
"tRF-20-RPM830MM","1"
"tRF-20-RUSMKVNM","1"
"tRF-20-S3M8309N","1"
"tRF-20-SB3B5SM3","4"
"tRF-20-SBKKRSL3","6"
"tRF-20-U0EZY9X1","3"
"tRF-20-V0UEDP5I","8"
"tRF-20-V29K9UV3","8"
"tRF-20-V47P596V","4"
"tRF-20-V47PU9XW","1"
"tRF-20-VMMV5BU6","8"
"tRF-20-WUH6QE30","1"
"tRF-20-YDZDL9X1","3"
"tRF-20-YK37ZXK1","3"
"tRF-20-Z5EFOK8Y","6"
"tRF-20-ZB8PLML3","6"
"tRF-21-2EK8E0KRB","4"
"tRF-21-2MK827K1B","7"
"tRF-21-2Q2RJO01B","3"
"tRF-21-3282FN5KE","4"
"tRF-21-32VIJMRPB","6"
"tRF-21-4E8BR9M3E","7"
"tRF-21-5OJIH6Z3D","7"
"tRF-21-6NMH490VD","4"
"tRF-21-739P8WQ0B","7"
"tRF-21-73V2Y8L9E","7"
"tRF-21-7O58J0K8E","4"
"tRF-21-7X9PN547D","1"
"tRF-21-83ML5F82D","1"
"tRF-21-83ML5F92D","3"
"tRF-21-8B8SOUPRD","5"
"tRF-21-8F81KLB5D","8"
"tRF-21-941QKS3WD","1"
"tRF-21-96L85DMKE","7"
"tRF-21-9DH48V7KE","6"
"tRF-21-9MVH7P59D","4"
"tRF-21-9N1EWJQ7D","6"
"tRF-21-9NS334L2B","5"
"tRF-21-B54ZUPX1B","6"
"tRF-21-BE7XO8Q6D","3"
"tRF-21-BLHKFZB1D","7"
"tRF-21-BRFKWE6M0","5"
"tRF-21-FBQ622EVE","7"
"tRF-21-H2SBUL6JE","8"
"tRF-21-HDPORSM3E","7"
"tRF-21-INVDRI2QD","8"
"tRF-21-J291547O0","8"
"tRF-21-JMRPFQRDE","6"
"tRF-21-JYSWRYVMD","8"
"tRF-21-KSLP7SDRE","8"
"tRF-21-LB3KMB01B","3"
"tRF-21-LEK58Y01B","7"
"tRF-21-LEK5LYK1B","7"
"tRF-21-LEK5YY01B","6"
"tRF-21-LI38NJW1B","7"
"tRF-21-LM3KZSP1B","1"
"tRF-21-LMK8J7K1B","3"
"tRF-21-LN3JWB61B","7"
"tRF-21-LNK8KDP1B","7"
"tRF-21-LNKSEK51B","7"
"tRF-21-MIF91SS20","6"
"tRF-21-MO0UFMQKE","7"
"tRF-21-NMEH623K0","7"
"tRF-21-NONU3INDD","3"
"tRF-21-NYDRFU8U0","4"
"tRF-21-OB1690PQ0","5"
"tRF-21-OB9ZFH69B","5"
"tRF-21-QI45LSM1D","2"
"tRF-21-R29P4P9L0","4"
"tRF-21-RPM8309ME","1"
"tRF-21-RX6NMH49B","7"
"tRF-21-S2I7L7P50","6"
"tRF-21-S334L2H1B","8"
"tRF-21-U0EZY9X1B","4"
"tRF-21-V29K9UV30","6"
"tRF-21-V47P596VE","6"
"tRF-21-V47Q2WNIE","6"
"tRF-21-V5393L41B","8"
"tRF-21-W631QJ3KE","7"
"tRF-21-WB08Q2B5D","5"
"tRF-21-WB8639SVD","5"
"tRF-21-WB8Y3DUVD","5"
"tRF-21-WD8S746DD","7"
"tRF-21-X6L85J3KE","7"
"tRF-21-XBINVDRID","5"
"tRF-21-XEKJ5R5ND","4"
"tRF-21-Y6IO43ZUD","3"
"tRF-21-YBOZZ7NDD","4"
"tRF-21-ZB8PLML3E","7"
"tRF-21-ZKXU53K80","3"
"tRF-22-18YKISQI3","6"
"tRF-22-32VIJMRPH","7"
"tRF-22-392J1Y0S4","8"
"tRF-22-3JVIJMRPH","3"
"tRF-22-490VL8K8N","7"
"tRF-22-4DBQ6ZW6J","7"
"tRF-22-4YDRFU8UN","6"
"tRF-22-6VW631QJJ","6"
"tRF-22-735L8RPY5","6"
"tRF-22-739P8WQ0F","3"
"tRF-22-73V2Y8L95","1"
"tRF-22-73V6M7QZ1","6"
"tRF-22-7OFIZ9WUJ","2"
"tRF-22-7P596VW6J","1"
"tRF-22-7PP9ZZ052","7"
"tRF-22-80877S6V2","3"
"tRF-22-808HWKS52","5"
"tRF-22-83ML5F823","6"
"tRF-22-83ML5F923","1"
"tRF-22-86J8WPMNH","8"
"tRF-22-8E8RO86J2","3"
"tRF-22-8F81KLB52","4"
"tRF-22-8FLUD3KSN","7"
"tRF-22-8XF6RE98N","7"
"tRF-22-9MVH7P593","7"
"tRF-22-9N1EWJQ72","6"
"tRF-22-9NS334L2I","7"
"tRF-22-9P8WQ0D52","2"
"tRF-22-9PMNH5ISJ","5"
"tRF-22-BE7XO8Q62","5"
"tRF-22-DRFU8U76F","8"
"tRF-22-FSXMSL73O","8"
"tRF-22-H2SBUL6JQ","4"
"tRF-22-H3RXSINHQ","1"
"tRF-22-J0DPZOIPF","8"
"tRF-22-MEF91SS2M","6"
"tRF-22-MIF91SS2M","6"
"tRF-22-MN1E8Y7Z2","7"
"tRF-22-N1EH6KK8N","4"
"tRF-22-NB8PLML35","4"
"tRF-22-NONU3IND2","4"
"tRF-22-NRDXEPZY1","3"
"tRF-22-OB9ZFH691","8"
"tRF-22-PJ60MV9JJ","6"
"tRF-22-PS5P4PW3H","7"
"tRF-22-PSQP4PW3H","7"
"tRF-22-R29P4P9LL","2"
"tRF-22-RPD9W1X6K","7"
"tRF-22-RPM830MMO","1"
"tRF-22-RX6NMH491","3"
"tRF-22-U1J0SU9EK","6"
"tRF-22-V47P596V5","6"
"tRF-22-V47Q2WNIQ","6"
"tRF-22-VBY9PYKHK","7"
"tRF-22-VH915HSXH","6"
"tRF-22-W08SQ2SV2","7"
"tRF-22-WB884U1D2","7"
"tRF-22-WB8HWKS52","1"
"tRF-22-WB8Y3DUV2","8"
"tRF-22-WBK647R52","3"
"tRF-22-WBKY4VXV2","6"
"tRF-22-WE884U1D2","1"
"tRF-22-WE8SP6X52","5"
"tRF-22-WEK879652","6"
"tRF-22-WEK8Q2B52","7"
"tRF-22-WEKSU8P52","7"
"tRF-22-WEPSJR852","5"
"tRF-22-WKXU53K8N","4"
"tRF-22-WLBSDE28N","6"
"tRF-22-WUH6QE30Q","1"
"tRF-22-XEKJ5R5N2","8"
"tRF-22-XSXMSL73O","8"
"tRF-22-YBOZZ7ND2","4"
"tRF-22-YLKZKWE52","5"
"tRF-22-ZFHIUNWV2","5"
"tRF-22-ZFMQ5JK8N","8"
"tRF-22-ZLB6R3LUN","7"
"tRF-22-ZLSSXUOLJ","8"
"tRF-22-ZUH6QE30Q","7"
"tRF-23-0P58309NS","1"
"tRF-23-18YKISQID5","7"
"tRF-23-1XDDZZ4YV","3"
"tRF-23-32VIJMRP9","4"
"tRF-23-3V2VR0PSDZ","7"
"tRF-23-43RX6NMHD5","7"
"tRF-23-45H5KQBFD2","3"
"tRF-23-4DBQ6ZW6D2","3"
"tRF-23-4QD7OKW4Z","6"
"tRF-23-5BF900BYDO","3"
"tRF-23-6NMH490VDM","7"
"tRF-23-739P8WQ07","4"
"tRF-23-73V2Y8L902","7"
"tRF-23-7P596VW6DK","7"
"tRF-23-7SIR3DR2DV","1"
"tRF-23-7Z2R1HPSDZ","7"
"tRF-23-86J8WPMNY","1"
"tRF-23-9DH48V7K05","7"
"tRF-23-9N1EWJQ7D1","6"
"tRF-23-9PMNH5ISD3","7"
"tRF-23-EUB4ZPEKD5","3"
"tRF-23-EZOMJHHSZ","4"
"tRF-23-HDK2RSI20K","6"
"tRF-23-INVDRI2QD1","8"
"tRF-23-MH490VL8DJ","6"
"tRF-23-MIF91SS2DU","6"
"tRF-23-MQ18Y3E7D8","4"
"tRF-23-NMEH623K0E","4"
"tRF-23-NO0RNQYXD2","7"
"tRF-23-NQDVLKZ4Z","5"
"tRF-23-NRDF7UK80E","6"
"tRF-23-OB9ZFH69U","5"
"tRF-23-Q6S8V0J8DR","1"
"tRF-23-Q72S3HPSDZ","6"
"tRF-23-R29P4P9LDS","4"
"tRF-23-R71KVUY9DZ","1"
"tRF-23-R9JP9P9NDD","1"
"tRF-23-RKIP4OI3X","2"
"tRF-23-RPD9W1X6DM","7"
"tRF-23-RX6NMH49V","3"
"tRF-23-S3M8309NS","4"
"tRF-23-U1J0SU9EDL","1"
"tRF-23-V2Y8L981DV","1"
"tRF-23-V47PU9XW0N","6"
"tRF-23-VP9N15WV0E","1"
"tRF-23-WKXU53K80E","1"
"tRF-23-WUH6QE3005","1"
"tRF-23-YRL51NLED3","7"
"tRF-23-YS56O2Z0DZ","7"
"tRF-23-YUHRE9XFD2","7"
"tRF-23-YUHRERXFD2","7"
"tRF-23-ZKXU53K80E","4"
"tRF-23-ZLSSXUOLD2","4"
"tRF-23-ZOSRI8WPD2","5"
"tRF-23-ZVELXKKSDZ","4"
"tRF-24-04SXQ3V2KJ","3"
"tRF-24-1OHE10NOEJ","8"
"tRF-24-1XDDZZ4YE2","8"
"tRF-24-2IUIX1Q7HV","3"
"tRF-24-32VIJMRPEU","6"
"tRF-24-392J1Y0S2E","4"
"tRF-24-3W2VR0082E","7"
"tRF-24-43RX6NMHH3","7"
"tRF-24-4PW3FJIKE5","6"
"tRF-24-5BF900BYHF","3"
"tRF-24-5NB2NZW7HV","3"
"tRF-24-6LQ6S8V01D","4"
"tRF-24-739P8WQ0EB","3"
"tRF-24-73V2Y8L9J1","7"
"tRF-24-7FERBLB3E2","7"
"tRF-24-7SIRMM12E2","7"
"tRF-24-7W1R7HFEE2","4"
"tRF-24-9N1EWJQ7FV","4"
"tRF-24-9NF5W8E7H7","1"
"tRF-24-EZOMJHHSFE","6"
"tRF-24-F91SS2P4IR","3"
"tRF-24-F9LKXNYQFP","4"
"tRF-24-INVDRI2QFV","4"
"tRF-24-J0DPZOIPED","3"
"tRF-24-MEF91SS2II","6"
"tRF-24-R29P4P9LH9","4"
"tRF-24-RK9P4P9LH9","4"
"tRF-24-RPFQRDWXFJ","1"
"tRF-24-RPM8309M2S","7"
"tRF-24-RPM830MM2S","6"
"tRF-24-RXPIN24YED","6"
"tRF-24-S3M8309N0Y","2"
"tRF-24-SL73VL4YHE","1"
"tRF-24-V47P596VJ5","6"
"tRF-24-V4V47Q2WHM","3"
"tRF-24-WLV47PU9J8","4"
"tRF-24-WO2F9IY9E2","3"
"tRF-24-WP9N1EWJI5","7"
"tRF-24-YJE76INBJ2","6"
"tRF-24-Z87HFK8S2E","3"
"tRF-24-ZEF3BLHKEW","7"
"tRF-24-ZVELXKKS2E","8"
"tRF-25-0P58309NDJ","1"
"tRF-25-1W188MENL7","6"
"tRF-25-63U0EZY9X1","7"
"tRF-25-6INB8PLML3","7"
"tRF-25-739P8WQ0D5","5"
"tRF-25-73V2Y8L981","7"
"tRF-25-86J8WPMN1E","7"
"tRF-25-8DYDZDL9X1","3"
"tRF-25-9DWUH6QE30","8"
"tRF-25-9MV47P596V","7"
"tRF-25-9N1EWJQ72S","3"
"tRF-25-DWY2MJ8F81","8"
"tRF-25-F91SS2P46I","6"
"tRF-25-INVDRI2Q2R","4"
"tRF-25-MIF91SS2P4","6"
"tRF-25-ML5F924ZDR","1"
"tRF-25-MLHVHBEXBI","7"
"tRF-25-MQ18Y3E7QN","6"
"tRF-25-O045DBNIB9","8"
"tRF-25-OB9ZFH690M","5"
"tRF-25-Q6S8V0J8O9","4"
"tRF-25-QZPHVU6RM3","3"
"tRF-25-R3WE8RO86J","1"
"tRF-25-R959KUMKF6","6"
"tRF-25-R95M3J63L6","1"
"tRF-25-RKIP4OI3FJ","1"
"tRF-25-RNLNK88KO1","7"
"tRF-25-RPFQRDWXHR","4"
"tRF-25-RPM830MMUK","7"
"tRF-25-S3M8309NDJ","1"
"tRF-25-SP58309MUK","4"
"tRF-25-SX73V2Y8L9","7"
"tRF-25-V4V4SQ2WW1","6"
"tRF-25-VBY9PYKHM2","3"
"tRF-25-VIJMRPFQJD","7"
"tRF-25-WJQ72S3HPS","3"
"tRF-25-XSXMSL73VL","7"
"tRF-26-04SXQ3V2Y70","4"
"tRF-26-18YKISQI45D","1"
"tRF-26-32VIJMRPFQD","6"
"tRF-26-3JVIJMRPFQ0","3"
"tRF-26-63U0EZY9X1B","6"
"tRF-26-6VW631QJ3KE","7"
"tRF-26-86V8WPMN1EE","2"
"tRF-26-9LON4VN1EH0","6"
"tRF-26-9MV47P596VE","1"
"tRF-26-9N1EWJQ72SD","1"
"tRF-26-9NS334L2H1B","6"
"tRF-26-D8YJE76INBE","6"
"tRF-26-F91SS2P46ID","3"
"tRF-26-FBQ622EVUID","6"
"tRF-26-HJ83ML5F82D","7"
"tRF-26-I3VF4YO9XED","4"
"tRF-26-INVDRI2Q2RD","3"
"tRF-26-MI7O3B1NR8E","3"
"tRF-26-MIF91SS2P40","7"
"tRF-26-ML5F924ZDRD","6"
"tRF-26-PSQP4PW3FJB","7"
"tRF-26-QZPHVU6RM3E","8"
"tRF-26-R38E8RO86JD","7"
"tRF-26-RPM8309MUKD","7"
"tRF-26-V470VR3196D","6"
"tRF-26-VIJMRPFQRDE","4"
"tRF-26-W1X6L85J3KE","4"
"tRF-26-WP9N1EWJQ7D","7"
"tRF-26-XIP2801MK8E","1"
"tRF-26-XN3282FN5KE","7"
"tRF-26-XZU5P21MNKE","7"
"tRF-26-YONONU3INDD","3"
"tRF-27-2QR7F8YKIRP","4"
"tRF-27-2YU04DYJIOJ","3"
"tRF-27-3JVIJMRPFQ4","4"
"tRF-27-4J83ML5F923","3"
"tRF-27-5UB1ZZK0O52","1"
"tRF-27-727OFIZ9WUJ","3"
"tRF-27-7O58J0K8UMM","7"
"tRF-27-86J8WPMN1E5","1"
"tRF-27-9DWUH6QE30Q","6"
"tRF-27-9LON4VN1EH4","7"
"tRF-27-9M739P8WQ0F","3"
"tRF-27-9MV47P596V5","1"
"tRF-27-9NF5W8E7OM2","1"
"tRF-27-D8YJE76INB5","7"
"tRF-27-FN7BWU2F5JQ","1"
"tRF-27-I3VF4YO9XEJ","7"
"tRF-27-INVDRI2Q2R2","3"
"tRF-27-K84J83ML5FP","8"
"tRF-27-KF9MVH7P593","8"
"tRF-27-M0IBB7Z92K1","5"
"tRF-27-M2OSRNLNKS1","8"
"tRF-27-M8ZLSSXUOLJ","3"
"tRF-27-MEF91SS2PMH","6"
"tRF-27-MN1E8Y7Z2RH","6"
"tRF-27-MP9P9MH57SJ","3"
"tRF-27-Q1Q89P9L842","7"
"tRF-27-R29P4P9L5H2","1"
"tRF-27-R38E8RO86J2","7"
"tRF-27-RPD9W1X6L8L","4"
"tRF-27-S8V0J8O9YEJ","7"
"tRF-27-SX73V2Y8L95","7"
"tRF-27-V47P596VW6J","3"
"tRF-27-V4V47Q2WNIQ","7"
"tRF-27-VIJMRPFQRD5","4"
"tRF-27-W3FJI0E7UM5","4"
"tRF-27-WJ9X0UD394N","4"
"tRF-27-XSXMSL73VL3","7"
"tRF-27-Z6EXEY0VWUJ","3"
"tRF-27-ZDXPHO53KSN","1"
"tRF-28-1SS2P46INO0J","7"
"tRF-28-2YU04DYJIOD3","3"
"tRF-28-32VIJMRPFQDH","4"
"tRF-28-3JVIJMRPFQDS","6"
"tRF-28-5BF900BY4D02","8"
"tRF-28-5BKD09Z51UD2","8"
"tRF-28-727OFIZ9WUD2","8"
"tRF-28-79MP9PMNH5DE","7"
"tRF-28-7N987X1RJY0D","7"
"tRF-28-9LON4VN1EHDX","3"
"tRF-28-9M739P8WQ07","6"
"tRF-28-9N1EWJQ72SDK","7"
"tRF-28-D0B601WZ03DR","3"
"tRF-28-D5EUB4ZPEKD5","5"
"tRF-28-EK45H5KQBFD2","8"
"tRF-28-EZ5P1OHE10DQ","4"
"tRF-28-FDXXE6XRK403","7"
"tRF-28-H2SBUL6JYBDJ","5"
"tRF-28-HWH3RXSINH0P","7"
"tRF-28-I3VF4YOZXED2","6"
"tRF-28-I8W47W1R7HX","3"
"tRF-28-I9BZBZOS4YV","5"
"tRF-28-KL9MVH7P59DP","4"
"tRF-28-M2OSRNLNKS8","4"
"tRF-28-MEF91SS2PMX","6"
"tRF-28-MUWLV47PU90M","4"
"tRF-28-N24YDRFU8U0E","6"
"tRF-28-OB9ZFH690MV","5"
"tRF-28-P4R8YP9LOND5","5"
"tRF-28-QKF1R3WE8RDR","8"
"tRF-28-R29P4P9L5HDI","8"
"tRF-28-R81XDDZZ4YV","8"
"tRF-28-RXPIN24YDR9","7"
"tRF-28-W47W1R7HFEV","4"
"tRF-28-W8E7OMJHHSZ","4"
"tRF-28-WJQ72S3HPSDZ","6"
"tRF-28-WS3V2VR0PSDZ","7"
"tRF-28-XENDBP1IUUDJ","7"
"tRF-28-Y8L981PV6RDY","5"
"tRF-29-1SS2P46INOJJ","4"
"tRF-29-32VIJMRPFQFX","6"
"tRF-29-4YO9XEKJ5RHZ","6"
"tRF-29-5EOB3ZY61DE2","6"
"tRF-29-5Z2IUIX1Q7HV","3"
"tRF-29-6XQ6S8V0JUHW","8"
"tRF-29-7O58J0K8UMII","3"
"tRF-29-86V8WPMN1EJ3","2"
"tRF-29-8W1W188MEN1V","6"
"tRF-29-945NB2NZW7HV","3"
"tRF-29-9M739P8WQ0EB","8"
"tRF-29-9N1EWJQ72S1M","4"
"tRF-29-9O9NF5W8E7H7","7"
"tRF-29-D8YJE76INBJ2","7"
"tRF-29-D8YJE76IZBJ2","7"
"tRF-29-E76INB8PLM1S","7"
"tRF-29-F20O27NXJ4E2","8"
"tRF-29-F9LKXNYQIUFP","6"
"tRF-29-FN8DYDZDL9JR","3"
"tRF-29-I8W47W1R7HE6","4"
"tRF-29-I9BZBZOS4YE2","4"
"tRF-29-INVDRI2Q2R1B","8"
"tRF-29-MIF91SS2P4ER","6"
"tRF-29-MN1E8Y7Z2RE9","3"
"tRF-29-MUWLV47PU9J8","6"
"tRF-29-P4R8YP9LONHK","5"
"tRF-29-QKF1R3WE8RH8","4"
"tRF-29-QP4PW3FJIKE5","4"
"tRF-29-RK9P4P9L5HH0","8"
"tRF-29-V29K9UV365IS","4"
"tRF-29-W8E7OMJHHSFE","6"
"tRF-29-XENDBP1IUU1J","7"
"tRF-29-XSXMSL73VLH3","7"
"tRF-29-Y6V4V47Q2WHM","7"
"tRF-29-Y9PYKHM26RIZ","7"
"tRF-30-0WUI8OYDVNZD","5"
"tRF-30-1EWJQ72S3HPS","6"
"tRF-30-299DWUH6QE30","8"
"tRF-30-389MV47P596V","8"
"tRF-30-3JVIJMRPFQ5D","4"
"tRF-30-4YO9XEKJ5R5N","6"
"tRF-30-62XB0ZZRD226","1"
"tRF-30-6XQ6S8V0J8O9","4"
"tRF-30-73V2Y8L981PV","6"
"tRF-30-7EMQ18Y3E7QN","6"
"tRF-30-7O58J0K8UMPL","3"
"tRF-30-7RH3S3RX8HWV","6"
"tRF-30-897PVP941QKS","2"
"tRF-30-8W1W188MENL7","4"
"tRF-30-9MVH7P59N3Z6","8"
"tRF-30-9O9NF5W8E7OM","7"
"tRF-30-D890YBOZZ7ND","8"
"tRF-30-E76INB8PLML3","6"
"tRF-30-F9LKXNYQIUIV","4"
"tRF-30-FH690M0RHB26","3"
"tRF-30-I363U0EZY9X1","5"
"tRF-30-I8W47W1R7HFE","4"
"tRF-30-IK9NJ4S2I7L7","8"
"tRF-30-ISQI45LSM1M3","3"
"tRF-30-JMRPFQ5DWXH9","7"
"tRF-30-JYSWRYVMMV5B","8"
"tRF-30-L85DMKYUYRLH","5"
"tRF-30-N3R718YKISQI","6"
"tRF-30-PER8YP9LON4V","5"
"tRF-30-PIR8YP9LON4V","5"
"tRF-30-PNR8YO9LON4V","5"
"tRF-30-PS5P4PW3FJHP","1"
"tRF-30-PSQP4PW3FJI0","6"
"tRF-30-Q1Q89P9L8422","5"
"tRF-30-Q89P9L8422YR","6"
"tRF-30-R29P4P9L5HJV","8"
"tRF-30-S2I7L7P5QK11","6"
"tRF-30-SWRYVMMV5BU6","4"
"tRF-30-U2O1B54ZUPX1","7"
"tRF-30-V29K9UV36562","4"
"tRF-30-V2Y8L981PV6R","4"
"tRF-30-VBY9PYKHM26R","7"
"tRF-30-VDRI2Q2RJO01","8"
"tRF-30-XENDBP1IUUK7","7"
"tRF-30-Y6V4V47Q2WNI","8"
"tRF-30-YSV4V4SQ2WW1","3"
"tRF-31-18YKISQI45LSD","4"
"tRF-31-299DWUH6QE30E","3"
"tRF-31-32VIJMRPFQJDE","6"
"tRF-31-3IRW18V6XO59D","8"
"tRF-31-3JVIJMRPFQ5DE","4"
"tRF-31-43RX6NMH490VD","3"
"tRF-31-596VW631QJ3KE","2"
"tRF-31-5EYONONU3INDD","4"
"tRF-31-6978WPRLXN48E","1"
"tRF-31-6SXMSL73VL4YD","2"
"tRF-31-6XQ6S8V0J8O9E","6"
"tRF-31-79MP9PMNH5ISD","5"
"tRF-31-7EMQ18Y3E7QN0","7"
"tRF-31-83ML5F924ZDRD","6"
"tRF-31-86J8WPMN1E8Y0","2"
"tRF-31-86V8WPMN1E8Y0","7"
"tRF-31-87R8WP9I1EWJ0","5"
"tRF-31-9M739P8WQ0D5D","3"
"tRF-31-D890YBOZZ7NDD","4"
"tRF-31-DWY2MJ8F81KLB","5"
"tRF-31-E76INB8PLML3E","7"
"tRF-31-EZU05OJIH6Z3D","3"
"tRF-31-I8W47W1R7HFEB","4"
"tRF-31-INVDRI2Q2RJOB","4"
"tRF-31-J09HJHOJ7IR1D","6"
"tRF-31-JYSWRYVMMV5BE","7"
"tRF-31-K84J83ML5F92D","7"
"tRF-31-KF9MVH7P59N3E","8"
"tRF-31-KY7343RX6NMHD","8"
"tRF-31-LSM1M3WE8SSP0","3"
"tRF-31-M0IBB7Z92K01B","4"
"tRF-31-MIF91SS2P4FID","6"
"tRF-31-N3R718YKISQID","4"
"tRF-31-OB1690PQR39IE","7"
"tRF-31-OSRNLNKSEK51B","7"
"tRF-31-PER8YP9LON4VD","5"
"tRF-31-PIN24YDRFU8U0","8"
"tRF-31-PIR8YP9LON4VD","5"
"tRF-31-PS5P4PW3FJHPB","4"
"tRF-31-PSQP4PW3FJI0B","7"
"tRF-31-PSQP4PW3FJIKB","7"
"tRF-31-Q1Q89P9L8422E","5"
"tRF-31-R918VBY9PYKHD","7"
"tRF-31-RK9P4P9L5HMVE","6"
"tRF-31-RS9NS334L2H1B","6"
"tRF-31-SP5830MMUKLYD","3"
"tRF-31-U2O1B54ZUPX1B","4"
"tRF-31-USYDY6IO43ZUD","8"
"tRF-31-V29K9UV36562B","4"
"tRF-31-VDRI2Q2RJO01B","4"
"tRF-31-XENDBP1IUUK7E","7"
"tRF-31-XSXMSL73VL4YD","6"
"tRF-31-Y0FD2F37YF7DD","7"
"tRF-31-Y2MJ8F81KLB5D","4"
"tRF-31-YKISQI45LSM1D","4"
"tRF-31-YSV4V4SQ2WW1E","4"
"tRF-31-Z3M8ZLSSXUOLD","6"
"tRF-31-ZRS3S3R68HYVD","3"
"tRF-32-0668K87SERM4P","6"
"tRF-32-10I9BZBZOS4Y1","3"
"tRF-32-2YU04DYJIO3ZO","7"
"tRF-32-325UB1ZZK0O52","4"
"tRF-32-3IRW18V6XO59J","6"
"tRF-32-4PW3FJIKE7UMJ","1"
"tRF-32-5EYONONU3IND2","4"
"tRF-32-62Z6EXEY0VWUJ","3"
"tRF-32-6NMH490VL8K8N","4"
"tRF-32-79MP9PMNH5ISJ","6"
"tRF-32-7Y93Y086Z34J2","4"
"tRF-32-86V8WPMN1E8YN","5"
"tRF-32-87R8WP9I1EWJM","4"
"tRF-32-94U47P299DWUI","7"
"tRF-32-9O9NF5W8E7OM2","7"
"tRF-32-D890YBOZZ7ND2","8"
"tRF-32-DWY2MJ8F81KLF","8"
"tRF-32-EZU05OJIH6Z33","1"
"tRF-32-F1R3WE8RO86J2","7"
"tRF-32-FDXXE6XRK4WO2","4"
"tRF-32-I8W47W1R7HFE1","8"
"tRF-32-IWOMXF026ZEDJ","8"
"tRF-32-J0DPZOIPD7VIQ","6"
"tRF-32-KY7343RX6NMH3","4"
"tRF-32-MUWLV47PU9XWP","7"
"tRF-32-N3R718YKISQI3","6"
"tRF-32-O7M8LOMLQHWU3","5"
"tRF-32-PER8YP9LON4V3","2"
"tRF-32-PIN24YDRFU8UN","3"
"tRF-32-PIR8YP9LON4V3","2"
"tRF-32-PNR8YO9LON4V3","6"
"tRF-32-Q1Q89P9L8422Q","1"
"tRF-32-Q99P9P9NH57SJ","5"
"tRF-32-R9JP9P9NH5SY3","2"
"tRF-32-RK9P4P9L5HMVQ","6"
"tRF-32-RKJP4P9L5FZU3","8"
"tRF-32-RPD9W1X6L85JJ","4"
"tRF-32-S2I7L7P5QK11K","1"
"tRF-32-U4727OFIZ9WUJ","3"
"tRF-32-V29K9UV36562I","6"
"tRF-32-V47P596VW631M","4"
"tRF-32-WP9N1EWJQ72SJ","3"
"tRF-32-XENDBP1IUUK7O","1"
"tRF-32-XSXMSL73VL4YK","6"
"tRF-32-Y0FD2F37YF7D2","4"
"tRF-32-ZPEK45H5KQBFJ","8"
"tRF-32-ZRS3S3R68HYV3","7"
"tRF-33-08F4BDNZ8O6FD2","3"
"tRF-33-1EWJQ72S3HPSDZ","3"
"tRF-33-1MNKYUPR18B6D2","7"
"tRF-33-1WZ4RZDMKNR79","5"
"tRF-33-34HWH3RXSINH0P","6"
"tRF-33-3JVIJMRPFQRD03","6"
"tRF-33-5BF900BY4D84DJ","7"
"tRF-33-5DMKYUYRLHR0D2","6"
"tRF-33-6978WPRLXN4V05","6"
"tRF-33-69M8LO9EFVI8W","6"
"tRF-33-79MP909NH57SD3","6"
"tRF-33-79MP9P9NH57YD3","2"
"tRF-33-87R8WP9I1EWJDW","8"
"tRF-33-897PVP941QKSD3","6"
"tRF-33-9Z7KZOSRI8WPD2","4"
"tRF-33-B4ZPEK45H5KQ6","5"
"tRF-33-BE7XO8Q6J6K60F","5"
"tRF-33-E7ZPVOH30WUI0J","7"
"tRF-33-EH623K7SIR3DDY","1"
"tRF-33-EZU05OJIH6Z3DQ","3"
"tRF-33-F5W8E7OMJHHSZ","7"
"tRF-33-FN5KYUSRYWRSD2","1"
"tRF-33-IK9NJ4S2I7L7DV","6"
"tRF-33-IO5BKD09Z51UD2","6"
"tRF-33-K84J83ML5FX2D5","8"
"tRF-33-K91O7VD5YEYYD2","3"
"tRF-33-KKM1M3WD8S74DX","8"
"tRF-33-KY7343RX6NMHD5","4"
"tRF-33-MIF91SS2P46IDQ","6"
"tRF-33-N3R718YKISQID5","6"
"tRF-33-OSM83O9EDJSYW","6"
"tRF-33-PIN24YDRFU8U0E","1"
"tRF-33-PV94V4SMIFFNDJ","4"
"tRF-33-Q1Q89P9L842205","4"
"tRF-33-R29P4P9L5HLV05","1"
"tRF-33-R9J89O9NF5W8W","4"
"tRF-33-R9JP9P9NH5SYDQ","6"
"tRF-33-RKIP4OI3FJQSDQ","6"
"tRF-33-ROHL7X0OBQJE0N","7"
"tRF-33-S2I7L7P5QK11D4","1"
"tRF-33-V29K9UV36562DE","4"
"tRF-33-XSXMSL73VL4YDN","1"
"tRF-33-ZPEK45H5KQBFD2","4"
"tRF-34-1HPSR9O9337K0V","1"
"tRF-34-22EVUIJVK6970U","5"
"tRF-34-34HWH3RXSINHKN","8"
"tRF-34-389MV47P596VJ5","4"
"tRF-34-3JVIJMRPFQRDJQ","6"
"tRF-34-5BF900BY4D841J","7"
"tRF-34-623K7SIR3DR2I2","6"
"tRF-34-67M8LOMLQHWUHJ","8"
"tRF-34-73FEWS3V2VR0IJ","7"
"tRF-34-79MP909NH57S15","6"
"tRF-34-79MP9P9NH57S1O","6"
"tRF-34-7N987X1RJYSXI2","4"
"tRF-34-86J8WPMN1E8Y2Q","6"
"tRF-34-86V8WPMN1E8Y2Q","5"
"tRF-34-87R8WP9I1EWJIQ","5"
"tRF-34-897PVP941QKS1P","6"
"tRF-34-BE7XO8Q6J6K626","5"
"tRF-34-D4ZWRNU3KQ9M29","5"
"tRF-34-F5W8E7OMJHHSFE","7"
"tRF-34-FP18LPMBQ4NK12","7"
"tRF-34-FSXMSL73VL4YHE","6"
"tRF-34-K84J83ML5F92H3","4"
"tRF-34-KF9MVH7P59N3K5","8"
"tRF-34-KY7343RX6NMHH3","6"
"tRF-34-LSN3S3RQJVDEJJ","6"
"tRF-34-MN1E8Y7Z2R1HIJ","1"
"tRF-34-MZ3L7L73V6M9I3","6"
"tRF-34-O2Z0R95M39731V","7"
"tRF-34-O7M8LO9LQHWUHJ","6"
"tRF-34-O7M8LOMLQHWUHJ","2"
"tRF-34-OB9ZFH690M0RFF","5"
"tRF-34-PNB7ZO7OFND00V","6"
"tRF-34-PSQP4PWEFJI0E5","7"
"tRF-34-R9JP9PMNH5SYHQ","6"
"tRF-34-RKJP4P9L5FZUHM","8"
"tRF-34-RKVPNPML5FZUHM","6"
"tRF-34-RPM830MMUKLYIE","1"
"tRF-34-V25Z2IUIX1Q7HV","3"
"tRF-34-V29K9UV36562FQ","8"
"tRF-34-VHJYOZ4E8BR91Y","8"
"tRF-34-Y6V4V47Q2WNIK1","8"
"tRF-35-00BY4D84KRIMUF","5"
"tRF-35-12Z4R95MKM9KX6","2"
"tRF-35-18VBY9PYKHM26R","1"
"tRF-35-1HPSR9O9337KB6","6"
"tRF-35-1WZ4RZDMKNR7F6","4"
"tRF-35-2YU04DYJIO3ZU3","7"
"tRF-35-34HWH3RXSINHZ4","6"
"tRF-35-4R94SX73V2Y8L9","7"
"tRF-35-5BF900BY4D84KR","6"
"tRF-35-79MP9P9NH57S3O","8"
"tRF-35-86J8WPMN1E8Y7Z","2"
"tRF-35-86V8WPMN1E8Y7Z","2"
"tRF-35-897PVP941QKS3W","4"
"tRF-35-94SX73V2Y8L981","7"
"tRF-35-BDHPIWOMXF026Z","4"
"tRF-35-D4ZWRNU3KQ9MV1","5"
"tRF-35-DEU2O1B54ZUPX1","7"
"tRF-35-EH623K7SIR3DR2","7"
"tRF-35-FDXXE6XRK4WO2F","3"
"tRF-35-FQU1ZX1XDEU2O1","6"
"tRF-35-IMLWRNLDK58YS1","7"
"tRF-35-JE9UHY0DFKN5OR","8"
"tRF-35-JJ6RRNLIK898O1","6"
"tRF-35-KKM1M3WD8S746D","5"
"tRF-35-KY7343RX6NMH49","6"
"tRF-35-L85DMKYUYRLHR0","1"
"tRF-35-LSXMSL73VL4YMY","7"
"tRF-35-LY7L73HQP0IRJ9","8"
"tRF-35-M2OSRNLNKSEK51","1"
"tRF-35-MZ3L7L73V6M9P9","6"
"tRF-35-O2Z0R95M3973L6","7"
"tRF-35-OR183O9EDJHP3R","7"
"tRF-35-PS5P4PW3FJHPEZ","6"
"tRF-35-Q99P9P9NH57S36","7"
"tRF-35-QKF1R3WE8RO86J","1"
"tRF-35-R008R959KUMKF6","6"
"tRF-35-R9J89O9NF5W8E7","6"
"tRF-35-RKVP4P93FJIYEV","7"
"tRF-35-V29K9UV36562IZ","4"
"tRF-35-VBY9PYKHM26RRN","6"
"tRF-35-VUY9Q9R4L2RRM3","7"
"tRF-35-VUY9QZR4L2RRM3","7"
"tRF-35-YJE76INB8PLML3","7"
"tRF-35-YKISQI45LSM1M3","3"
"tRF-36-3IRW18V6XO59KND","4"
"tRF-36-5BF900BY4D84KRB","3"
"tRF-36-79MP9P9NH57S3OD","6"
"tRF-36-79MP9PMNH5IS36D","7"
"tRF-36-7P596VW631QJ3KE","3"
"tRF-36-8NRS9NS334L2H1B","4"
"tRF-36-9LON4VN1EH6KK80","3"
"tRF-36-DEU2O1B54ZUPX1B","4"
"tRF-36-EH623K7SIR3DR20","7"
"tRF-36-F0IURNL3KZM8W1B","7"
"tRF-36-F0IV1NL33VL8W1B","1"
"tRF-36-HMI8W47W1R7HFEB","5"
"tRF-36-HQ9M739P8WQ0D5D","7"
"tRF-36-JJ6RRNLIK898O1B","6"
"tRF-36-JVK697BOJ8N981B","6"
"tRF-36-KKM1M3WD8S746DD","4"
"tRF-36-M2OSRN2NKSEK51B","7"
"tRF-36-MIF91SS2P46INOE","1"
"tRF-36-NP5EYONONU3INDD","3"
"tRF-36-P4R8YP9LON4VN1B","3"
"tRF-36-PS5P4PW3FJHPEZE","6"
"tRF-36-PSQP4PW3FJI0E7E","6"
"tRF-36-PW5SVP9N15WV7W0","4"
"tRF-36-Q1Q89P9L8422YRB","7"
"tRF-36-Q99P9P9NH57S36D","6"
"tRF-36-QKF1R38E8RO86JD","7"
"tRF-36-QKF1R3WE8RO86JD","1"
"tRF-36-QNR8VP9LFQFY39D","7"
"tRF-36-U0IO5BKD09Z51UD","3"
"tRF-36-UDM0IBB7Z92K01B","3"
"tRF-36-VFYDNZDNB2Y0FDD","3"
"tRF-36-XSXMSL73VL4YMYE","6"
"tRF-36-YJE76INB8PLML3E","7"
"tRF-37-18YKISQI45LSM1K","1"
"tRF-37-4R94SX73V2Y8L95","6"
"tRF-37-7O58J0K8UMPLBIO","6"
"tRF-37-7P299DWUH6QE30Q","7"
"tRF-37-86J8WPMN1E8Y7Z2","6"
"tRF-37-8BR9M3W08SQ2SV2","6"
"tRF-37-B2Y0FD2F37YF7D2","4"
"tRF-37-D81H93WB86N7O52","6"
"tRF-37-EH623K76IR3DR2M","7"
"tRF-37-EX62Z6EXEY0VWUJ","3"
"tRF-37-KKM1M3WD8S746D2","8"
"tRF-37-KPQJ3KYU4RRWRBJ","3"
"tRF-37-LSM1M3WE8SSP6D2","3"
"tRF-37-NP5EYONONU3IND2","3"
"tRF-37-RX6NMH490VL8K8N","3"
"tRF-37-RXPIN24YDRFU8UN","3"
"tRF-37-RXPIN2NYDRFU8UN","7"
"tRF-37-SB325UB1ZZK0O52","8"
"tRF-37-V47PU9XW983FPD3","7"
"tRF-37-WU2F5JYH0RYNUR2","5"
"tRF-38-2Z10I9BZBZOS4YV","3"
"tRF-38-31QJ3KYUYRR6RBD2","3"
"tRF-38-3B1NR8YUP6KP6HD2","7"
"tRF-38-3FPD48YUHS16MFD2","7"
"tRF-38-73FEWS3V2VR0PSDZ","7"
"tRF-38-79MP9P9NH57S36D1","7"
"tRF-38-821NQ4YOS5S8R6D2","7"
"tRF-38-82FN4KYU476YQSD2","7"
"tRF-38-87R8WP9N1EWJQ7D1","4"
"tRF-38-94SX73V2Y8L981DV","3"
"tRF-38-9N1EWJQ72S3HPSDZ","4"
"tRF-38-9O08F4BDNZ8O6FD2","4"
"tRF-38-EH6KK87SIRM1DVV","7"
"tRF-38-EX62Z6EXEY0VWUD2","4"
"tRF-38-HMI8W47W1R7HFEV","7"
"tRF-38-I7XUK87SIRMJ6VV","7"
"tRF-38-L85DMKYOYRLHR0D2","7"
"tRF-38-P21MNKYUPR18B6D2","7"
"tRF-38-RXPIN2NYDRFU8U0E","7"
"tRF-38-V47P596VW631QJDK","4"
"tRF-38-VH7P59N3Z6KPQJDK","7"
"tRF-38-WU1M70YU890HRFD2","4"
"tRF-38-WU1M70YUP90HRFD2","6"
"tRF-38-WU1MN0YU09FKRFD2","7"
"tRF-38-WURMJKYOSR99RHD2","3"
"tRF-38-XENDBP1IUUK7VZV","7"
"tRF-38-YB5XF20O27NXJ4V","7"
"tRF-38-YDLBRY73W0K5KKDR","7"
"tRF-38-YO1N3KYUSR681SD2","2"
"tRF-39-0IV25Z2IUIX1Q7HV","3"
"tRF-39-18VBY9PYKHM26RIZ","7"
"tRF-39-18YKISQI45LSM11Y","5"
"tRF-39-2VR008R959KUMKEV","7"
"tRF-39-2Z10I9BZBZOS4YE2","8"
"tRF-39-73FEWS3V2VR0PS2E","7"
"tRF-39-73V2Y8L981PV6RIZ","2"
"tRF-39-79MP9P9NH57S36F8","7"
"tRF-39-87R8WP9I1EWJQZFV","5"
"tRF-39-8HM2OSRNLNKSEKH9","7"
"tRF-39-9LON4VN1EH6KK82Q","7"
"tRF-39-DF7UK87SIRM1BVE2","7"
"tRF-39-EH623K7SIRKDR2I2","7"
"tRF-39-I3VF4YO9XEKJ5RHZ","6"
"tRF-39-I6D3887S1RMH5MI2","7"
"tRF-39-LPD3387SFRJ4O1E2","7"
"tRF-39-MIF91SS2P46INOJJ","1"
"tRF-39-PNR8YP9LON4VN1EM","3"
"tRF-39-XENDBP1IUUK7VZEJ","7"
"tRF-39-YB5XF20O27NXJ4E2","4"
"tRF-39-ZLBS5EOB3ZY61DE2","2"
"tRF-40-0IV25Z2IUIX1Q7O6","4"
"tRF-40-2R1HPSR9O9337KB6","7"
"tRF-40-2S3HPSR95933JKB6","3"
"tRF-40-2VR008R9D9KUMKF6","3"
"tRF-40-3JVIJMRPFQRDWXHR","4"
"tRF-40-87R8WP9N1EWJQ72S","3"
"tRF-40-8HM2OSRN2NKSEK51","7"
"tRF-40-D112Z4R95MKM9KX6","7"
"tRF-40-I3VF4YO9XEKJ5R5N","7"
"tRF-40-JQJYSWRYVMMV5BU6","8"
"tRF-40-PSQP4PW3FJIKE7UM","3"
"tRF-40-U5YKFN8DYDZDL9X1","5"
"tRF-41-0HJBRR93W0K67205D","7"
"tRF-41-5BF900BY4D84KRIME","3"
"tRF-41-81PV6RRNLNK88KO1B","3"
"tRF-41-8L8NRS9NS334L2H1B","4"
"tRF-41-K84J83ML5F924ZDRD","7"
"tRF-41-KHM26RRNLNK8KEP1B","7"
"tRF-41-PSQP4PW3FJI0E7UME","4"
"tRF-41-U1O0789NLJK1JKE1B","7"
"tRF-41-U5YKFN8DYDZDL9X1B","4"
"tRF-41-UJJKIWRNL3KQNK71B","4"
"tRF-41-UMX0S75NLD4P1KP1B","6"
"tRF-41-UMX0SW5NLJ45EKP1B","6"
"tRF-41-V47P596VW631QJ3KE","4"
"tRF-41-YQHQ9M739P8WQ0D5D","5"
"tRF-42-43RX6NMH490VL8K8N","7"
"tRF-42-45LSM1M3WE8SSP6D2","7"
"tRF-42-7O58J0K8UMPLBIUB3","3"
"tRF-42-KQWYL1M3WE8S68L52","7"
"tRF-42-P5QK11M3WE8SPOX52","7"
"tRF-42-YFNP5EYONONU3IND2","3"
"tRF-43-79MP9P9NH57S362VD6","3"
"tRF-43-96L85DMKYUYRLHR0D2","7"
"tRF-43-JOWU1M70YU890HRFD2","7"
"tRF-43-Z6V6Z3M8ZLSSXUOLD2","8"
"tRF-44-5BF900BY4D84KRIM2R","5"
"tRF-44-8LHYD3MU7SH725RJE2","7"
"tRF-44-BZ0IV25Z2IUIX1Q7HV","3"
"tRF-44-EX2Z10I9BZBZOS4YE2","3"
"tRF-44-Z9HMI8W47W1R7HFEE2","6"
"tRF-45-BZ0IV25Z2IUIX1Q7O6","4"
"tRF-45-ZZJQJYSWRYVMMV5BU6","4"
"tRF-46-2IU5YKFN8DYDZDL9X1B","4"
"tRF-46-7Z8L8NRS9NS334L2H1B","4"
"tRF-46-87R8WP9N1EWJQ72S3H0","7"
"tRF-47-5BF900BY4D84KRIMUF1","5"
"tRF-47-KDYFNP5EYONONU3IND2","4"
"tRF-47-L7S5QKF1R3WE8RO86J2","7"
"tRF-48-5BF900BY4D84KRIMUFU","3"
"tRF-48-KON5EX62Z6EXEY0VWUD2","4"
"tRF-48-VI7O409Z7KZOSRI8WPD2","6"
"tRF-49-PNR8YP9LON4VN1EH6K1K","3"
"tRF-50-PNR8YP9LON4VN1EH6KK8","5"
